tm-001-one	https://templatemo.com/tm-001-one	https://templatemo.com/download/templatemo_001_one	DOWNLOADED
tm-002-two	https://templatemo.com/tm-002-two	https://templatemo.com/download/templatemo_002_two	DOWNLOADED
tm-003-three	https://templatemo.com/tm-003-three	https://templatemo.com/download/templatemo_003_three	DOWNLOADED
tm-004-four	https://templatemo.com/tm-004-four	https://templatemo.com/download/templatemo_004_four	DOWNLOADED
tm-005-five	https://templatemo.com/tm-005-five	https://templatemo.com/download/templatemo_005_five	DOWNLOADED
tm-006-music-jack	https://templatemo.com/tm-006-music-jack	https://templatemo.com/download/templatemo_006_music_jack	DOWNLOADED
tm-007-simple-blue	https://templatemo.com/tm-007-simple-blue	https://templatemo.com/download/templatemo_007_simple_blue	DOWNLOADED
tm-008-salad	https://templatemo.com/tm-008-salad	https://templatemo.com/download/templatemo_008_salad	DOWNLOADED
tm-009-butterfly	https://templatemo.com/tm-009-butterfly	https://templatemo.com/download/templatemo_009_butterfly	DOWNLOADED
tm-010-cocktail	https://templatemo.com/tm-010-cocktail	https://templatemo.com/download/templatemo_010_cocktail	DOWNLOADED
tm-011-pinky	https://templatemo.com/tm-011-pinky	https://templatemo.com/download/templatemo_011_pinky	DOWNLOADED
tm-012-brown	https://templatemo.com/tm-012-brown	https://templatemo.com/download/templatemo_012_brown	DOWNLOADED
tm-013-music-note	https://templatemo.com/tm-013-music-note	https://templatemo.com/download/templatemo_013_music_note	DOWNLOADED
tm-014-construction	https://templatemo.com/tm-014-construction	https://templatemo.com/download/templatemo_014_construction	DOWNLOADED
tm-015-photo	https://templatemo.com/tm-015-photo	https://templatemo.com/download/templatemo_015_photo	DOWNLOADED
tm-016-galaxy	https://templatemo.com/tm-016-galaxy	https://templatemo.com/download/templatemo_016_galaxy	DOWNLOADED
tm-017-design	https://templatemo.com/tm-017-design	https://templatemo.com/download/templatemo_017_design	DOWNLOADED
tm-018-green-day	https://templatemo.com/tm-018-green-day	https://templatemo.com/download/templatemo_018_green_day	DOWNLOADED
tm-019-balloon	https://templatemo.com/tm-019-balloon	https://templatemo.com/download/templatemo_019_balloon	DOWNLOADED
tm-020-construction	https://templatemo.com/tm-020-construction	https://templatemo.com/download/templatemo_020_construction	DOWNLOADED
tm-021-fresh	https://templatemo.com/tm-021-fresh	https://templatemo.com/download/templatemo_021_fresh	DOWNLOADED
tm-022-floral	https://templatemo.com/tm-022-floral	https://templatemo.com/download/templatemo_022_floral	DOWNLOADED
tm-023-business	https://templatemo.com/tm-023-business	https://templatemo.com/download/templatemo_023_business	DOWNLOADED
tm-024-flower	https://templatemo.com/tm-024-flower	https://templatemo.com/download/templatemo_024_flower	DOWNLOADED
tm-025-fruit	https://templatemo.com/tm-025-fruit	https://templatemo.com/download/templatemo_025_fruit	DOWNLOADED
tm-026-hosting	https://templatemo.com/tm-026-hosting	https://templatemo.com/download/templatemo_026_hosting	DOWNLOADED
tm-027-classic	https://templatemo.com/tm-027-classic	https://templatemo.com/download/templatemo_027_classic	DOWNLOADED
tm-028-dark-gray	https://templatemo.com/tm-028-dark-gray	https://templatemo.com/download/templatemo_028_dark_gray	DOWNLOADED
tm-029-light-blue	https://templatemo.com/tm-029-light-blue	https://templatemo.com/download/templatemo_029_light_blue	DOWNLOADED
tm-030-blog	https://templatemo.com/tm-030-blog	https://templatemo.com/download/templatemo_030_blog	DOWNLOADED
tm-031-artist	https://templatemo.com/tm-031-artist	https://templatemo.com/download/templatemo_031_artist	DOWNLOADED
tm-032-travel	https://templatemo.com/tm-032-travel	https://templatemo.com/download/templatemo_032_travel	DOWNLOADED
tm-033-tomato	https://templatemo.com/tm-033-tomato	https://templatemo.com/download/templatemo_033_tomato	DOWNLOADED
tm-034-pets	https://templatemo.com/tm-034-pets	https://templatemo.com/download/templatemo_034_pets	DOWNLOADED
tm-035-construction	https://templatemo.com/tm-035-construction	https://templatemo.com/download/templatemo_035_construction	DOWNLOADED
tm-036-cooking	https://templatemo.com/tm-036-cooking	https://templatemo.com/download/templatemo_036_cooking	DOWNLOADED
tm-037-nightclub	https://templatemo.com/tm-037-nightclub	https://templatemo.com/download/templatemo_037_nightclub	DOWNLOADED
tm-038-woman	https://templatemo.com/tm-038-woman	https://templatemo.com/download/templatemo_038_woman	DOWNLOADED
tm-039-citynight	https://templatemo.com/tm-039-citynight	https://templatemo.com/download/templatemo_039_citynight	DOWNLOADED
tm-040-photoblog	https://templatemo.com/tm-040-photoblog	https://templatemo.com/download/templatemo_040_photoblog	DOWNLOADED
tm-041-creation	https://templatemo.com/tm-041-creation	https://templatemo.com/download/templatemo_041_creation	DOWNLOADED
tm-042-business	https://templatemo.com/tm-042-business	https://templatemo.com/download/templatemo_042_business	DOWNLOADED
tm-043-restaurant	https://templatemo.com/tm-043-restaurant	https://templatemo.com/download/templatemo_043_restaurant	DOWNLOADED
tm-044-gift	https://templatemo.com/tm-044-gift	https://templatemo.com/download/templatemo_044_gift	DOWNLOADED
tm-045-christmas	https://templatemo.com/tm-045-christmas	https://templatemo.com/download/templatemo_045_christmas	DOWNLOADED
tm-046-art-gallery	https://templatemo.com/tm-046-art-gallery	https://templatemo.com/download/templatemo_046_art_gallery	DOWNLOADED
tm-047-music	https://templatemo.com/tm-047-music	https://templatemo.com/download/templatemo_047_music	DOWNLOADED
tm-048-car	https://templatemo.com/tm-048-car	https://templatemo.com/download/templatemo_048_car	DOWNLOADED
tm-049-studio	https://templatemo.com/tm-049-studio	https://templatemo.com/download/templatemo_049_studio	DOWNLOADED
tm-050-metal	https://templatemo.com/tm-050-metal	https://templatemo.com/download/templatemo_050_metal	DOWNLOADED
tm-051-news	https://templatemo.com/tm-051-news	https://templatemo.com/download/templatemo_051_news	DOWNLOADED
tm-052-gallery	https://templatemo.com/tm-052-gallery	https://templatemo.com/download/templatemo_052_gallery	DOWNLOADED
tm-053-business	https://templatemo.com/tm-053-business	https://templatemo.com/download/templatemo_053_business	DOWNLOADED
tm-054-restaurant	https://templatemo.com/tm-054-restaurant	https://templatemo.com/download/templatemo_054_restaurant	DOWNLOADED
tm-055-blog	https://templatemo.com/tm-055-blog	https://templatemo.com/download/templatemo_055_blog	DOWNLOADED
tm-056-travel	https://templatemo.com/tm-056-travel	https://templatemo.com/download/templatemo_056_travel	DOWNLOADED
tm-057-pizza	https://templatemo.com/tm-057-pizza	https://templatemo.com/download/templatemo_057_pizza	DOWNLOADED
tm-058-old-blog	https://templatemo.com/tm-058-old-blog	https://templatemo.com/download/templatemo_058_old_blog	DOWNLOADED
tm-059-finance	https://templatemo.com/tm-059-finance	https://templatemo.com/download/templatemo_059_finance	DOWNLOADED
tm-060-hosting	https://templatemo.com/tm-060-hosting	https://templatemo.com/download/templatemo_060_hosting	DOWNLOADED
tm-061-phone	https://templatemo.com/tm-061-phone	https://templatemo.com/download/templatemo_061_phone	DOWNLOADED
tm-062-white	https://templatemo.com/tm-062-white	https://templatemo.com/download/templatemo_062_white	DOWNLOADED
tm-063-green-blog	https://templatemo.com/tm-063-green-blog	https://templatemo.com/download/templatemo_063_green_blog	DOWNLOADED
tm-064-black-media	https://templatemo.com/tm-064-black-media	https://templatemo.com/download/templatemo_064_black_media	DOWNLOADED
tm-064-blue-media	https://templatemo.com/tm-064-blue-media	https://templatemo.com/download/templatemo_064_blue_media	DOWNLOADED
tm-065-office	https://templatemo.com/tm-065-office	https://templatemo.com/download/templatemo_065_office	DOWNLOADED
tm-066-jean	https://templatemo.com/tm-066-jean	https://templatemo.com/download/templatemo_066_jean	DOWNLOADED
tm-067-fashion	https://templatemo.com/tm-067-fashion	https://templatemo.com/download/templatemo_067_fashion	DOWNLOADED
tm-068-ice-bubble	https://templatemo.com/tm-068-ice-bubble	https://templatemo.com/download/templatemo_068_ice_bubble	DOWNLOADED
tm-069-camera	https://templatemo.com/tm-069-camera	https://templatemo.com/download/templatemo_069_camera	DOWNLOADED
tm-070-pink	https://templatemo.com/tm-070-pink	https://templatemo.com/download/templatemo_070_pink	DOWNLOADED
tm-071-paint-blog	https://templatemo.com/tm-071-paint-blog	https://templatemo.com/download/templatemo_071_paint_blog	DOWNLOADED
tm-072-food-blog	https://templatemo.com/tm-072-food-blog	https://templatemo.com/download/templatemo_072_food_blog	DOWNLOADED
tm-073-automobile	https://templatemo.com/tm-073-automobile	https://templatemo.com/download/templatemo_073_automobile	DOWNLOADED
tm-074-dog	https://templatemo.com/tm-074-dog	https://templatemo.com/download/templatemo_074_dog	DOWNLOADED
tm-075-mag-orange	https://templatemo.com/tm-075-mag-orange	https://templatemo.com/download/templatemo_075_mag_orange	DOWNLOADED
tm-075-mag-wood	https://templatemo.com/tm-075-mag-wood	https://templatemo.com/download/templatemo_075_mag_wood	DOWNLOADED
tm-076-flower-shop	https://templatemo.com/tm-076-flower-shop	https://templatemo.com/download/templatemo_076_flower_shop	DOWNLOADED
tm-077-insect-blog	https://templatemo.com/tm-077-insect-blog	https://templatemo.com/download/templatemo_077_insect_blog	DOWNLOADED
tm-078-real-estate	https://templatemo.com/tm-078-real-estate	https://templatemo.com/download/templatemo_078_real_estate	DOWNLOADED
tm-079-gray-blog	https://templatemo.com/tm-079-gray-blog	https://templatemo.com/download/templatemo_079_gray_blog	DOWNLOADED
tm-080-church	https://templatemo.com/tm-080-church	https://templatemo.com/download/templatemo_080_church	DOWNLOADED
tm-081-business	https://templatemo.com/tm-081-business	https://templatemo.com/download/templatemo_081_business	DOWNLOADED
tm-082-tea-and-meal	https://templatemo.com/tm-082-tea-and-meal	https://templatemo.com/download/templatemo_082_tea_and_meal	DOWNLOADED
tm-083-old-wall	https://templatemo.com/tm-083-old-wall	https://templatemo.com/download/templatemo_083_old_wall	DOWNLOADED
tm-084-design-blog	https://templatemo.com/tm-084-design-blog	https://templatemo.com/download/templatemo_084_design_blog	DOWNLOADED
tm-085-strawberry	https://templatemo.com/tm-085-strawberry	https://templatemo.com/download/templatemo_085_strawberry	DOWNLOADED
tm-086-book-store	https://templatemo.com/tm-086-book-store	https://templatemo.com/download/templatemo_086_book_store	DOWNLOADED
tm-087-solution	https://templatemo.com/tm-087-solution	https://templatemo.com/download/templatemo_087_solution	DOWNLOADED
tm-088-design-gallery	https://templatemo.com/tm-088-design-gallery	https://templatemo.com/download/templatemo_088_design_gallery	DOWNLOADED
tm-089-dating	https://templatemo.com/tm-089-dating	https://templatemo.com/download/templatemo_089_dating	DOWNLOADED
tm-090-lifestyle	https://templatemo.com/tm-090-lifestyle	https://templatemo.com/download/templatemo_090_lifestyle	DOWNLOADED
tm-091-business	https://templatemo.com/tm-091-business	https://templatemo.com/download/templatemo_091_business	DOWNLOADED
tm-092-software	https://templatemo.com/tm-092-software	https://templatemo.com/download/templatemo_092_software	DOWNLOADED
tm-093-nature	https://templatemo.com/tm-093-nature	https://templatemo.com/download/templatemo_093_nature	DOWNLOADED
tm-094-garden	https://templatemo.com/tm-094-garden	https://templatemo.com/download/templatemo_094_garden	DOWNLOADED
tm-095-hotel	https://templatemo.com/tm-095-hotel	https://templatemo.com/download/templatemo_095_hotel	DOWNLOADED
tm-096-pinky	https://templatemo.com/tm-096-pinky	https://templatemo.com/download/templatemo_096_pinky	DOWNLOADED
tm-097-voip	https://templatemo.com/tm-097-voip	https://templatemo.com/download/templatemo_097_voip	DOWNLOADED
tm-098-slider	https://templatemo.com/tm-098-slider	https://templatemo.com/download/templatemo_098_slider	DOWNLOADED
tm-099-church	https://templatemo.com/tm-099-church	https://templatemo.com/download/templatemo_099_church	DOWNLOADED
tm-100-personal	https://templatemo.com/tm-100-personal	https://templatemo.com/download/templatemo_100_personal	DOWNLOADED
tm-101-design-blog	https://templatemo.com/tm-101-design-blog	https://templatemo.com/download/templatemo_101_design_blog	DOWNLOADED
tm-102-floral	https://templatemo.com/tm-102-floral	https://templatemo.com/download/templatemo_102_floral	DOWNLOADED
tm-103-guitar	https://templatemo.com/tm-103-guitar	https://templatemo.com/download/templatemo_103_guitar	DOWNLOADED
tm-104-hotel	https://templatemo.com/tm-104-hotel	https://templatemo.com/download/templatemo_104_hotel	DOWNLOADED
tm-105-chrome	https://templatemo.com/tm-105-chrome	https://templatemo.com/download/templatemo_105_chrome	DOWNLOADED
tm-106-travel	https://templatemo.com/tm-106-travel	https://templatemo.com/download/templatemo_106_travel	DOWNLOADED
tm-107-construction	https://templatemo.com/tm-107-construction	https://templatemo.com/download/templatemo_107_construction	DOWNLOADED
tm-108-arrow	https://templatemo.com/tm-108-arrow	https://templatemo.com/download/templatemo_108_arrow	DOWNLOADED
tm-109-web-design	https://templatemo.com/tm-109-web-design	https://templatemo.com/download/templatemo_109_web_design	DOWNLOADED
tm-110-lin-photo	https://templatemo.com/tm-110-lin-photo	https://templatemo.com/download/templatemo_110_lin_photo	DOWNLOADED
tm-111-global	https://templatemo.com/tm-111-global	https://templatemo.com/download/templatemo_111_global	DOWNLOADED
tm-112-pro-studio	https://templatemo.com/tm-112-pro-studio	https://templatemo.com/download/templatemo_112_pro_studio	DOWNLOADED
tm-113-business	https://templatemo.com/tm-113-business	https://templatemo.com/download/templatemo_113_business	DOWNLOADED
tm-114-history	https://templatemo.com/tm-114-history	https://templatemo.com/download/templatemo_114_history	DOWNLOADED
tm-115-metallic	https://templatemo.com/tm-115-metallic	https://templatemo.com/download/templatemo_115_metallic	DOWNLOADED
tm-116-grunge-blog	https://templatemo.com/tm-116-grunge-blog	https://templatemo.com/download/templatemo_116_grunge_blog	DOWNLOADED
tm-117-seagull	https://templatemo.com/tm-117-seagull	https://templatemo.com/download/templatemo_117_seagull	DOWNLOADED
tm-118-block-3d	https://templatemo.com/tm-118-block-3d	https://templatemo.com/download/templatemo_118_block_3d	DOWNLOADED
tm-119-fruit	https://templatemo.com/tm-119-fruit	https://templatemo.com/download/templatemo_119_fruit	DOWNLOADED
tm-120-dark-brown	https://templatemo.com/tm-120-dark-brown	https://templatemo.com/download/templatemo_120_dark_brown	DOWNLOADED
tm-121-simple-blue	https://templatemo.com/tm-121-simple-blue	https://templatemo.com/download/templatemo_121_simple_blue	DOWNLOADED
tm-121-simple-gray	https://templatemo.com/tm-121-simple-gray	https://templatemo.com/download/templatemo_121_simple_gray	DOWNLOADED
tm-122-perspective	https://templatemo.com/tm-122-perspective	https://templatemo.com/download/templatemo_122_perspective	DOWNLOADED
tm-123-car	https://templatemo.com/tm-123-car	https://templatemo.com/download/templatemo_123_car	DOWNLOADED
tm-124-media	https://templatemo.com/tm-124-media	https://templatemo.com/download/templatemo_124_media	DOWNLOADED
tm-125-consultant	https://templatemo.com/tm-125-consultant	https://templatemo.com/download/templatemo_125_consultant	DOWNLOADED
tm-126-bird-store	https://templatemo.com/tm-126-bird-store	https://templatemo.com/download/templatemo_126_bird_store	DOWNLOADED
tm-127-mini-site	https://templatemo.com/tm-127-mini-site	https://templatemo.com/download/templatemo_127_mini_site	DOWNLOADED
tm-128-wood-site	https://templatemo.com/tm-128-wood-site	https://templatemo.com/download/templatemo_128_wood_site	DOWNLOADED
tm-129-biz-brown	https://templatemo.com/tm-129-biz-brown	https://templatemo.com/download/templatemo_129_biz_brown	DOWNLOADED
tm-129-biz-dark-khaki	https://templatemo.com/tm-129-biz-dark-khaki	https://templatemo.com/download/templatemo_129_biz_dark_khaki	DOWNLOADED
tm-129-biz-gray	https://templatemo.com/tm-129-biz-gray	https://templatemo.com/download/templatemo_129_biz_gray	DOWNLOADED
tm-130-blue	https://templatemo.com/tm-130-blue	https://templatemo.com/download/templatemo_130_blue	DOWNLOADED
tm-131-game	https://templatemo.com/tm-131-game	https://templatemo.com/download/templatemo_131_game	DOWNLOADED
tm-132-greenhome	https://templatemo.com/tm-132-greenhome	https://templatemo.com/download/templatemo_132_greenhome	DOWNLOADED
tm-133-virtual-site	https://templatemo.com/tm-133-virtual-site	https://templatemo.com/download/templatemo_133_virtual_site	DOWNLOADED
tm-134-corporate-green	https://templatemo.com/tm-134-corporate-green	https://templatemo.com/download/templatemo_134_corporate_green	DOWNLOADED
tm-134-corporate-yellow	https://templatemo.com/tm-134-corporate-yellow	https://templatemo.com/download/templatemo_134_corporate_yellow	DOWNLOADED
tm-135-art-gallery	https://templatemo.com/tm-135-art-gallery	https://templatemo.com/download/templatemo_135_art_gallery	DOWNLOADED
tm-136-greeny	https://templatemo.com/tm-136-greeny	https://templatemo.com/download/templatemo_136_greeny	DOWNLOADED
tm-137-construction	https://templatemo.com/tm-137-construction	https://templatemo.com/download/templatemo_137_construction	DOWNLOADED
tm-138-travel	https://templatemo.com/tm-138-travel	https://templatemo.com/download/templatemo_138_travel	DOWNLOADED
tm-139-business	https://templatemo.com/tm-139-business	https://templatemo.com/download/templatemo_139_business	DOWNLOADED
tm-140-design-agency	https://templatemo.com/tm-140-design-agency	https://templatemo.com/download/templatemo_140_design_agency	DOWNLOADED
tm-141-architect	https://templatemo.com/tm-141-architect	https://templatemo.com/download/templatemo_141_architect	DOWNLOADED
tm-142-art-blog	https://templatemo.com/tm-142-art-blog	https://templatemo.com/download/templatemo_142_art_blog	DOWNLOADED
tm-143-creative	https://templatemo.com/tm-143-creative	https://templatemo.com/download/templatemo_143_creative	DOWNLOADED
tm-144-production	https://templatemo.com/tm-144-production	https://templatemo.com/download/templatemo_144_production	DOWNLOADED
tm-145-floral	https://templatemo.com/tm-145-floral	https://templatemo.com/download/templatemo_145_floral	DOWNLOADED
tm-146-fortune	https://templatemo.com/tm-146-fortune	https://templatemo.com/download/templatemo_146_fortune	DOWNLOADED
tm-147-biz-brown	https://templatemo.com/tm-147-biz-brown	https://templatemo.com/download/templatemo_147_biz_brown	DOWNLOADED
tm-147-biz-darkblue	https://templatemo.com/tm-147-biz-darkblue	https://templatemo.com/download/templatemo_147_biz_darkblue	DOWNLOADED
tm-148-sunset	https://templatemo.com/tm-148-sunset	https://templatemo.com/download/templatemo_148_sunset	DOWNLOADED
tm-149-people	https://templatemo.com/tm-149-people	https://templatemo.com/download/templatemo_149_people	DOWNLOADED
tm-150-creative-idea	https://templatemo.com/tm-150-creative-idea	https://templatemo.com/download/templatemo_150_creative_idea	DOWNLOADED
tm-151-grunge	https://templatemo.com/tm-151-grunge	https://templatemo.com/download/templatemo_151_grunge	DOWNLOADED
tm-152-projection	https://templatemo.com/tm-152-projection	https://templatemo.com/download/templatemo_152_projection	DOWNLOADED
tm-153-gray	https://templatemo.com/tm-153-gray	https://templatemo.com/download/templatemo_153_gray	DOWNLOADED
tm-153-green	https://templatemo.com/tm-153-green	https://templatemo.com/download/templatemo_153_green	DOWNLOADED
tm-154-toy-addict	https://templatemo.com/tm-154-toy-addict	https://templatemo.com/download/templatemo_154_toy_addict	DOWNLOADED
tm-155-western-shop	https://templatemo.com/tm-155-western-shop	https://templatemo.com/download/templatemo_155_western_shop	DOWNLOADED
tm-156-professional	https://templatemo.com/tm-156-professional	https://templatemo.com/download/templatemo_156_professional	DOWNLOADED
tm-157-yellow-blog	https://templatemo.com/tm-157-yellow-blog	https://templatemo.com/download/templatemo_157_yellow_blog	DOWNLOADED
tm-158-interior	https://templatemo.com/tm-158-interior	https://templatemo.com/download/templatemo_158_interior	DOWNLOADED
tm-159-wooden	https://templatemo.com/tm-159-wooden	https://templatemo.com/download/templatemo_159_wooden	DOWNLOADED
tm-160-orange-bar	https://templatemo.com/tm-160-orange-bar	https://templatemo.com/download/templatemo_160_orange_bar	DOWNLOADED
tm-161-just	https://templatemo.com/tm-161-just	https://templatemo.com/download/templatemo_161_just	DOWNLOADED
tm-162-gray-company	https://templatemo.com/tm-162-gray-company	https://templatemo.com/download/templatemo_162_gray_company	DOWNLOADED
tm-163-simple-orange	https://templatemo.com/tm-163-simple-orange	https://templatemo.com/download/templatemo_163_simple_orange	DOWNLOADED
tm-164-portfolio	https://templatemo.com/tm-164-portfolio	https://templatemo.com/download/templatemo_164_portfolio	DOWNLOADED
tm-165-crossing	https://templatemo.com/tm-165-crossing	https://templatemo.com/download/templatemo_165_crossing	DOWNLOADED
tm-166-greeny	https://templatemo.com/tm-166-greeny	https://templatemo.com/download/templatemo_166_greeny	DOWNLOADED
tm-167-design-team	https://templatemo.com/tm-167-design-team	https://templatemo.com/download/templatemo_167_design_team	DOWNLOADED
tm-168-specific	https://templatemo.com/tm-168-specific	https://templatemo.com/download/templatemo_168_specific	DOWNLOADED
tm-169-garden	https://templatemo.com/tm-169-garden	https://templatemo.com/download/templatemo_169_garden	DOWNLOADED
tm-170-motor-cycle	https://templatemo.com/tm-170-motor-cycle	https://templatemo.com/download/templatemo_170_motor_cycle	DOWNLOADED
tm-171-wooden-blog	https://templatemo.com/tm-171-wooden-blog	https://templatemo.com/download/templatemo_171_wooden_blog	DOWNLOADED
tm-172-mini	https://templatemo.com/tm-172-mini	https://templatemo.com/download/templatemo_172_mini	DOWNLOADED
tm-173-store	https://templatemo.com/tm-173-store	https://templatemo.com/download/templatemo_173_store	DOWNLOADED
tm-174-biograph	https://templatemo.com/tm-174-biograph	https://templatemo.com/download/templatemo_174_biograph	DOWNLOADED
tm-175-gift-blog	https://templatemo.com/tm-175-gift-blog	https://templatemo.com/download/templatemo_175_gift_blog	DOWNLOADED
tm-176-christmas	https://templatemo.com/tm-176-christmas	https://templatemo.com/download/templatemo_176_christmas	DOWNLOADED
tm-177-teal	https://templatemo.com/tm-177-teal	https://templatemo.com/download/templatemo_177_teal	DOWNLOADED
tm-178-floral-designer	https://templatemo.com/tm-178-floral-designer	https://templatemo.com/download/templatemo_178_floral_designer	DOWNLOADED
tm-179-stable	https://templatemo.com/tm-179-stable	https://templatemo.com/download/templatemo_179_stable	DOWNLOADED
tm-180-speaker-blog	https://templatemo.com/tm-180-speaker-blog	https://templatemo.com/download/templatemo_180_speaker_blog	DOWNLOADED
tm-181-night-dream	https://templatemo.com/tm-181-night-dream	https://templatemo.com/download/templatemo_181_night_dream	DOWNLOADED
tm-182-sport-center	https://templatemo.com/tm-182-sport-center	https://templatemo.com/download/templatemo_182_sport_center	DOWNLOADED
tm-183-green-black	https://templatemo.com/tm-183-green-black	https://templatemo.com/download/templatemo_183_green_black	DOWNLOADED
tm-184-brown	https://templatemo.com/tm-184-brown	https://templatemo.com/download/templatemo_184_brown	DOWNLOADED
tm-185-paper-blog	https://templatemo.com/tm-185-paper-blog	https://templatemo.com/download/templatemo_185_paper_blog	DOWNLOADED
tm-186-travel	https://templatemo.com/tm-186-travel	https://templatemo.com/download/templatemo_186_travel	DOWNLOADED
tm-187-general	https://templatemo.com/tm-187-general	https://templatemo.com/download/templatemo_187_general	DOWNLOADED
tm-188-black-beat	https://templatemo.com/tm-188-black-beat	https://templatemo.com/download/templatemo_188_black_beat	DOWNLOADED
tm-189-showcase	https://templatemo.com/tm-189-showcase	https://templatemo.com/download/templatemo_189_showcase	DOWNLOADED
tm-190-steak	https://templatemo.com/tm-190-steak	https://templatemo.com/download/templatemo_190_steak	DOWNLOADED
tm-191-company-green	https://templatemo.com/tm-191-company-green	https://templatemo.com/download/templatemo_191_company_green	DOWNLOADED
tm-191-company-yellow	https://templatemo.com/tm-191-company-yellow	https://templatemo.com/download/templatemo_191_company_yellow	DOWNLOADED
tm-192-woody	https://templatemo.com/tm-192-woody	https://templatemo.com/download/templatemo_192_woody	DOWNLOADED
tm-193-gadget	https://templatemo.com/tm-193-gadget	https://templatemo.com/download/templatemo_193_gadget	DOWNLOADED
tm-194-fashion-blog	https://templatemo.com/tm-194-fashion-blog	https://templatemo.com/download/templatemo_194_fashion_blog	DOWNLOADED
tm-195-scene	https://templatemo.com/tm-195-scene	https://templatemo.com/download/templatemo_195_scene	DOWNLOADED
tm-196-real-estate	https://templatemo.com/tm-196-real-estate	https://templatemo.com/download/templatemo_196_real_estate	DOWNLOADED
tm-197-cloudy	https://templatemo.com/tm-197-cloudy	https://templatemo.com/download/templatemo_197_cloudy	DOWNLOADED
tm-198-photographer	https://templatemo.com/tm-198-photographer	https://templatemo.com/download/templatemo_198_photographer	DOWNLOADED
tm-199-fruit-art	https://templatemo.com/tm-199-fruit-art	https://templatemo.com/download/templatemo_199_fruit_art	DOWNLOADED
tm-200-jean	https://templatemo.com/tm-200-jean	https://templatemo.com/download/templatemo_200_jean	DOWNLOADED
tm-201-magazine	https://templatemo.com/tm-201-magazine	https://templatemo.com/download/templatemo_201_magazine	DOWNLOADED
tm-202-xtreme	https://templatemo.com/tm-202-xtreme	https://templatemo.com/download/templatemo_202_xtreme	DOWNLOADED
tm-203-corporate	https://templatemo.com/tm-203-corporate	https://templatemo.com/download/templatemo_203_corporate	DOWNLOADED
tm-204-particle	https://templatemo.com/tm-204-particle	https://templatemo.com/download/templatemo_204_particle	DOWNLOADED
tm-205-web-tech	https://templatemo.com/tm-205-web-tech	https://templatemo.com/download/templatemo_205_web_tech	DOWNLOADED
tm-206-fruit-site	https://templatemo.com/tm-206-fruit-site	https://templatemo.com/download/templatemo_206_fruit_site	DOWNLOADED
tm-207-light-gray	https://templatemo.com/tm-207-light-gray	https://templatemo.com/download/templatemo_207_light_gray	DOWNLOADED
tm-208-global	https://templatemo.com/tm-208-global	https://templatemo.com/download/templatemo_208_global	DOWNLOADED
tm-209-work	https://templatemo.com/tm-209-work	https://templatemo.com/download/templatemo_209_work	DOWNLOADED
tm-210-simple-blue	https://templatemo.com/tm-210-simple-blue	https://templatemo.com/download/templatemo_210_simple_blue	DOWNLOADED
tm-211-grid-system	https://templatemo.com/tm-211-grid-system	https://templatemo.com/download/templatemo_211_grid_system	DOWNLOADED
tm-212-black-wave	https://templatemo.com/tm-212-black-wave	https://templatemo.com/download/templatemo_212_black_wave	DOWNLOADED
tm-213-education	https://templatemo.com/tm-213-education	https://templatemo.com/download/templatemo_213_education	DOWNLOADED
tm-214-metal	https://templatemo.com/tm-214-metal	https://templatemo.com/download/templatemo_214_metal	DOWNLOADED
tm-215-shoe-store	https://templatemo.com/tm-215-shoe-store	https://templatemo.com/download/templatemo_215_shoe_store	DOWNLOADED
tm-216-pink-shop	https://templatemo.com/tm-216-pink-shop	https://templatemo.com/download/templatemo_216_pink_shop	DOWNLOADED
tm-217-travel-tour	https://templatemo.com/tm-217-travel-tour	https://templatemo.com/download/templatemo_217_travel_tour	DOWNLOADED
tm-218-greeny	https://templatemo.com/tm-218-greeny	https://templatemo.com/download/templatemo_218_greeny	DOWNLOADED
tm-219-star	https://templatemo.com/tm-219-star	https://templatemo.com/download/templatemo_219_star	DOWNLOADED
tm-220-zine-blue	https://templatemo.com/tm-220-zine-blue	https://templatemo.com/download/templatemo_220_zine_blue	DOWNLOADED
tm-220-zine-green	https://templatemo.com/tm-220-zine-green	https://templatemo.com/download/templatemo_220_zine_green	DOWNLOADED
tm-221-wall	https://templatemo.com/tm-221-wall	https://templatemo.com/download/templatemo_221_wall	DOWNLOADED
tm-222-corporate	https://templatemo.com/tm-222-corporate	https://templatemo.com/download/templatemo_222_corporate	DOWNLOADED
tm-223-milky	https://templatemo.com/tm-223-milky	https://templatemo.com/download/templatemo_223_milky	DOWNLOADED
tm-224-wedding-store	https://templatemo.com/tm-224-wedding-store	https://templatemo.com/download/templatemo_224_wedding_store	DOWNLOADED
tm-225-retro	https://templatemo.com/tm-225-retro	https://templatemo.com/download/templatemo_225_retro	DOWNLOADED
tm-226-metal-curve	https://templatemo.com/tm-226-metal-curve	https://templatemo.com/download/templatemo_226_metal_curve	DOWNLOADED
tm-227-portfolio	https://templatemo.com/tm-227-portfolio	https://templatemo.com/download/templatemo_227_portfolio	DOWNLOADED
tm-228-gadget-store	https://templatemo.com/tm-228-gadget-store	https://templatemo.com/download/templatemo_228_gadget_store	DOWNLOADED
tm-229-light-space	https://templatemo.com/tm-229-light-space	https://templatemo.com/download/templatemo_229_light_space	DOWNLOADED
tm-230-city-portal	https://templatemo.com/tm-230-city-portal	https://templatemo.com/download/templatemo_230_city_portal	DOWNLOADED
tm-231-general	https://templatemo.com/tm-231-general	https://templatemo.com/download/templatemo_231_general	DOWNLOADED
tm-232-sound-box	https://templatemo.com/tm-232-sound-box	https://templatemo.com/download/templatemo_232_sound_box	DOWNLOADED
tm-233-coffee	https://templatemo.com/tm-233-coffee	https://templatemo.com/download/templatemo_233_coffee	DOWNLOADED
tm-234-portfolio	https://templatemo.com/tm-234-portfolio	https://templatemo.com/download/templatemo_234_portfolio	DOWNLOADED
tm-235-business	https://templatemo.com/tm-235-business	https://templatemo.com/download/templatemo_235_business	DOWNLOADED
tm-236-glow	https://templatemo.com/tm-236-glow	https://templatemo.com/download/templatemo_236_glow	DOWNLOADED
tm-237-extreme	https://templatemo.com/tm-237-extreme	https://templatemo.com/download/templatemo_237_extreme	DOWNLOADED
tm-238-fruit-mix	https://templatemo.com/tm-238-fruit-mix	https://templatemo.com/download/templatemo_238_fruit_mix	DOWNLOADED
tm-239-pro-teal	https://templatemo.com/tm-239-pro-teal	https://templatemo.com/download/templatemo_239_pro_teal	DOWNLOADED
tm-240-garden	https://templatemo.com/tm-240-garden	https://templatemo.com/download/templatemo_240_garden	DOWNLOADED
tm-241-multi-layer	https://templatemo.com/tm-241-multi-layer	https://templatemo.com/download/templatemo_241_multi_layer	DOWNLOADED
tm-242-design-blog	https://templatemo.com/tm-242-design-blog	https://templatemo.com/download/templatemo_242_design_blog	DOWNLOADED
tm-243-web-design	https://templatemo.com/tm-243-web-design	https://templatemo.com/download/templatemo_243_web_design	DOWNLOADED
tm-244-tripod	https://templatemo.com/tm-244-tripod	https://templatemo.com/download/templatemo_244_tripod	DOWNLOADED
tm-245-redox	https://templatemo.com/tm-245-redox	https://templatemo.com/download/templatemo_245_redox	DOWNLOADED
tm-246-club	https://templatemo.com/tm-246-club	https://templatemo.com/download/templatemo_246_club	DOWNLOADED
tm-247-health	https://templatemo.com/tm-247-health	https://templatemo.com/download/templatemo_247_health	DOWNLOADED
tm-248-world	https://templatemo.com/tm-248-world	https://templatemo.com/download/templatemo_248_world	DOWNLOADED
tm-249-ancient	https://templatemo.com/tm-249-ancient	https://templatemo.com/download/templatemo_249_ancient	DOWNLOADED
tm-250-chess	https://templatemo.com/tm-250-chess	https://templatemo.com/download/templatemo_250_chess	DOWNLOADED
tm-251-clean-blog	https://templatemo.com/tm-251-clean-blog	https://templatemo.com/download/templatemo_251_clean_blog	DOWNLOADED
tm-252-active	https://templatemo.com/tm-252-active	https://templatemo.com/download/templatemo_252_active	DOWNLOADED
tm-253-eye-candy	https://templatemo.com/tm-253-eye-candy	https://templatemo.com/download/templatemo_253_eye_candy	DOWNLOADED
tm-254-agency	https://templatemo.com/tm-254-agency	https://templatemo.com/download/templatemo_254_agency	DOWNLOADED
tm-255-multi-color	https://templatemo.com/tm-255-multi-color	https://templatemo.com/download/templatemo_255_multi_color	DOWNLOADED
tm-256-black-fox	https://templatemo.com/tm-256-black-fox	https://templatemo.com/download/templatemo_256_black_fox	DOWNLOADED
tm-257-curve	https://templatemo.com/tm-257-curve	https://templatemo.com/download/templatemo_257_curve	DOWNLOADED
tm-258-big-city	https://templatemo.com/tm-258-big-city	https://templatemo.com/download/templatemo_258_big_city	DOWNLOADED
tm-259-yellow-cafe	https://templatemo.com/tm-259-yellow-cafe	https://templatemo.com/download/templatemo_259_yellow_cafe	DOWNLOADED
tm-260-global	https://templatemo.com/tm-260-global	https://templatemo.com/download/templatemo_260_global	DOWNLOADED
tm-261-violet	https://templatemo.com/tm-261-violet	https://templatemo.com/download/templatemo_261_violet	DOWNLOADED
tm-262-eco-green	https://templatemo.com/tm-262-eco-green	https://templatemo.com/download/templatemo_262_eco_green	DOWNLOADED
tm-263-urban-city	https://templatemo.com/tm-263-urban-city	https://templatemo.com/download/templatemo_263_urban_city	DOWNLOADED
tm-264-red-blog	https://templatemo.com/tm-264-red-blog	https://templatemo.com/download/templatemo_264_red_blog	DOWNLOADED
tm-265-light-house	https://templatemo.com/tm-265-light-house	https://templatemo.com/download/templatemo_265_light_house	DOWNLOADED
tm-266-binder	https://templatemo.com/tm-266-binder	https://templatemo.com/download/templatemo_266_binder	DOWNLOADED
tm-267-mighty	https://templatemo.com/tm-267-mighty	https://templatemo.com/download/templatemo_267_mighty	DOWNLOADED
tm-268-floral-design	https://templatemo.com/tm-268-floral-design	https://templatemo.com/download/templatemo_268_floral_design	DOWNLOADED
tm-269-pineapple	https://templatemo.com/tm-269-pineapple	https://templatemo.com/download/templatemo_269_pineapple	DOWNLOADED
tm-270-holiday	https://templatemo.com/tm-270-holiday	https://templatemo.com/download/templatemo_270_holiday	DOWNLOADED
tm-271-press	https://templatemo.com/tm-271-press	https://templatemo.com/download/templatemo_271_press	DOWNLOADED
tm-272-christmas-night	https://templatemo.com/tm-272-christmas-night	https://templatemo.com/download/templatemo_272_christmas_night	DOWNLOADED
tm-273-christmas-red	https://templatemo.com/tm-273-christmas-red	https://templatemo.com/download/templatemo_273_christmas_red	DOWNLOADED
tm-274-orange	https://templatemo.com/tm-274-orange	https://templatemo.com/download/templatemo_274_orange	DOWNLOADED
tm-275-connection	https://templatemo.com/tm-275-connection	https://templatemo.com/download/templatemo_275_connection	DOWNLOADED
tm-276-wooden-strip	https://templatemo.com/tm-276-wooden-strip	https://templatemo.com/download/templatemo_276_wooden_strip	DOWNLOADED
tm-277-platform	https://templatemo.com/tm-277-platform	https://templatemo.com/download/templatemo_277_platform	DOWNLOADED
tm-278-cafe-bakery	https://templatemo.com/tm-278-cafe-bakery	https://templatemo.com/download/templatemo_278_cafe_bakery	DOWNLOADED
tm-279-family	https://templatemo.com/tm-279-family	https://templatemo.com/download/templatemo_279_family	DOWNLOADED
tm-280-sky-blue	https://templatemo.com/tm-280-sky-blue	https://templatemo.com/download/templatemo_280_sky_blue	DOWNLOADED
tm-281-chrome	https://templatemo.com/tm-281-chrome	https://templatemo.com/download/templatemo_281_chrome	DOWNLOADED
tm-282-building	https://templatemo.com/tm-282-building	https://templatemo.com/download/templatemo_282_building	DOWNLOADED
tm-283-tomato	https://templatemo.com/tm-283-tomato	https://templatemo.com/download/templatemo_283_tomato	DOWNLOADED
tm-284-mini-social	https://templatemo.com/tm-284-mini-social	https://templatemo.com/download/templatemo_284_mini_social	DOWNLOADED
tm-285-pinky	https://templatemo.com/tm-285-pinky	https://templatemo.com/download/templatemo_285_pinky	DOWNLOADED
tm-286-blue-candy	https://templatemo.com/tm-286-blue-candy	https://templatemo.com/download/templatemo_286_blue_candy	DOWNLOADED
tm-287-ancient	https://templatemo.com/tm-287-ancient	https://templatemo.com/download/templatemo_287_ancient	DOWNLOADED
tm-288-green-field	https://templatemo.com/tm-288-green-field	https://templatemo.com/download/templatemo_288_green_field	DOWNLOADED
tm-289-sandbox	https://templatemo.com/tm-289-sandbox	https://templatemo.com/download/templatemo_289_sandbox	DOWNLOADED
tm-290-corner	https://templatemo.com/tm-290-corner	https://templatemo.com/download/templatemo_290_corner	DOWNLOADED
tm-291-blue-motion	https://templatemo.com/tm-291-blue-motion	https://templatemo.com/download/templatemo_291_blue_motion	DOWNLOADED
tm-292-red-top	https://templatemo.com/tm-292-red-top	https://templatemo.com/download/templatemo_292_red_top	DOWNLOADED
tm-293-liquid	https://templatemo.com/tm-293-liquid	https://templatemo.com/download/templatemo_293_liquid	DOWNLOADED
tm-294-wall-shelf	https://templatemo.com/tm-294-wall-shelf	https://templatemo.com/download/templatemo_294_wall_shelf	DOWNLOADED
tm-295-floral-beige	https://templatemo.com/tm-295-floral-beige	https://templatemo.com/download/templatemo_295_floral_beige	DOWNLOADED
tm-296-soft-round	https://templatemo.com/tm-296-soft-round	https://templatemo.com/download/templatemo_296_soft_round	DOWNLOADED
tm-297-biz-theme	https://templatemo.com/tm-297-biz-theme	https://templatemo.com/download/templatemo_297_biz_theme	DOWNLOADED
tm-298-neo-blog	https://templatemo.com/tm-298-neo-blog	https://templatemo.com/download/templatemo_298_neo_blog	DOWNLOADED
tm-299-power	https://templatemo.com/tm-299-power	https://templatemo.com/download/templatemo_299_power	DOWNLOADED
tm-300-greeny	https://templatemo.com/tm-300-greeny	https://templatemo.com/download/templatemo_300_greeny	DOWNLOADED
tm-301-blue-ice	https://templatemo.com/tm-301-blue-ice	https://templatemo.com/download/templatemo_301_blue_ice	DOWNLOADED
tm-302-tomato	https://templatemo.com/tm-302-tomato	https://templatemo.com/download/templatemo_302_tomato	DOWNLOADED
tm-303-mini-wave	https://templatemo.com/tm-303-mini-wave	https://templatemo.com/download/templatemo_303_mini_wave	DOWNLOADED
tm-304-light-gray	https://templatemo.com/tm-304-light-gray	https://templatemo.com/download/templatemo_304_light_gray	DOWNLOADED
tm-305-golden-star	https://templatemo.com/tm-305-golden-star	https://templatemo.com/download/templatemo_305_golden_star	DOWNLOADED
tm-306-wooden-wall	https://templatemo.com/tm-306-wooden-wall	https://templatemo.com/download/templatemo_306_wooden_wall	DOWNLOADED
tm-307-ocean-blue	https://templatemo.com/tm-307-ocean-blue	https://templatemo.com/download/templatemo_307_ocean_blue	DOWNLOADED
tm-308-orange-spice	https://templatemo.com/tm-308-orange-spice	https://templatemo.com/download/templatemo_308_orange_spice	DOWNLOADED
tm-309-city-blog	https://templatemo.com/tm-309-city-blog	https://templatemo.com/download/templatemo_309_city_blog	DOWNLOADED
tm-310-green-field	https://templatemo.com/tm-310-green-field	https://templatemo.com/download/templatemo_310_green_field	DOWNLOADED
tm-311-pink-business	https://templatemo.com/tm-311-pink-business	https://templatemo.com/download/templatemo_311_pink_business	DOWNLOADED
tm-312-magazine	https://templatemo.com/tm-312-magazine	https://templatemo.com/download/templatemo_312_magazine	DOWNLOADED
tm-313-smoky	https://templatemo.com/tm-313-smoky	https://templatemo.com/download/templatemo_313_smoky	DOWNLOADED
tm-314-spicy	https://templatemo.com/tm-314-spicy	https://templatemo.com/download/templatemo_314_spicy	DOWNLOADED
tm-315-village	https://templatemo.com/tm-315-village	https://templatemo.com/download/templatemo_315_village	DOWNLOADED
tm-316-blue-marble	https://templatemo.com/tm-316-blue-marble	https://templatemo.com/download/templatemo_316_blue_marble	DOWNLOADED
tm-317-green-board	https://templatemo.com/tm-317-green-board	https://templatemo.com/download/templatemo_317_green_board	DOWNLOADED
tm-318-blue-sofa	https://templatemo.com/tm-318-blue-sofa	https://templatemo.com/download/templatemo_318_blue_sofa	DOWNLOADED
tm-319-stable-business	https://templatemo.com/tm-319-stable-business	https://templatemo.com/download/templatemo_319_stable_business	DOWNLOADED
tm-320-sandy	https://templatemo.com/tm-320-sandy	https://templatemo.com/download/templatemo_320_sandy	DOWNLOADED
tm-321-glossy-box	https://templatemo.com/tm-321-glossy-box	https://templatemo.com/download/templatemo_321_glossy_box	DOWNLOADED
tm-322-sailing	https://templatemo.com/tm-322-sailing	https://templatemo.com/download/templatemo_322_sailing	DOWNLOADED
tm-323-grunge-mini	https://templatemo.com/tm-323-grunge-mini	https://templatemo.com/download/templatemo_323_grunge_mini	DOWNLOADED
tm-324-green-home	https://templatemo.com/tm-324-green-home	https://templatemo.com/download/templatemo_324_green_home	DOWNLOADED
tm-325-briefcase	https://templatemo.com/tm-325-briefcase	https://templatemo.com/download/templatemo_325_briefcase	DOWNLOADED
tm-326-yellow-star	https://templatemo.com/tm-326-yellow-star	https://templatemo.com/download/templatemo_326_yellow_star	DOWNLOADED
tm-327-pink-round	https://templatemo.com/tm-327-pink-round	https://templatemo.com/download/templatemo_327_pink_round	DOWNLOADED
tm-328-vertical	https://templatemo.com/tm-328-vertical	https://templatemo.com/download/templatemo_328_vertical	DOWNLOADED
tm-329-blue-urban	https://templatemo.com/tm-329-blue-urban	https://templatemo.com/download/templatemo_329_blue_urban	DOWNLOADED
tm-330-sand-paper	https://templatemo.com/tm-330-sand-paper	https://templatemo.com/download/templatemo_330_sand_paper	DOWNLOADED
tm-331-magic-color	https://templatemo.com/tm-331-magic-color	https://templatemo.com/download/templatemo_331_magic_color	DOWNLOADED
tm-332-blue-smoothie	https://templatemo.com/tm-332-blue-smoothie	https://templatemo.com/download/templatemo_332_blue_smoothie	DOWNLOADED
tm-333-golden-ray	https://templatemo.com/tm-333-golden-ray	https://templatemo.com/download/templatemo_333_golden_ray	DOWNLOADED
tm-334-violet	https://templatemo.com/tm-334-violet	https://templatemo.com/download/templatemo_334_violet	DOWNLOADED
tm-335-black-wall	https://templatemo.com/tm-335-black-wall	https://templatemo.com/download/templatemo_335_black_wall	DOWNLOADED
tm-336-platinum	https://templatemo.com/tm-336-platinum	https://templatemo.com/download/templatemo_336_platinum	DOWNLOADED
tm-337-rosey-pixel	https://templatemo.com/tm-337-rosey-pixel	https://templatemo.com/download/templatemo_337_rosey_pixel	DOWNLOADED
tm-338-grand-mini	https://templatemo.com/tm-338-grand-mini	https://templatemo.com/download/templatemo_338_grand_mini	DOWNLOADED
tm-339-graphite	https://templatemo.com/tm-339-graphite	https://templatemo.com/download/templatemo_339_graphite	DOWNLOADED
tm-340-purple-ray	https://templatemo.com/tm-340-purple-ray	https://templatemo.com/download/templatemo_340_purple_ray	DOWNLOADED
tm-341-web-store	https://templatemo.com/tm-341-web-store	https://templatemo.com/download/templatemo_341_web_store	DOWNLOADED
tm-342-single-slider	https://templatemo.com/tm-342-single-slider	https://templatemo.com/download/templatemo_342_single_slider	DOWNLOADED
tm-343-green-jelly	https://templatemo.com/tm-343-green-jelly	https://templatemo.com/download/templatemo_343_green_jelly	DOWNLOADED
tm-344-newspaper	https://templatemo.com/tm-344-newspaper	https://templatemo.com/download/templatemo_344_newspaper	DOWNLOADED
tm-345-mini-one	https://templatemo.com/tm-345-mini-one	https://templatemo.com/download/templatemo_345_mini_one	DOWNLOADED
tm-345-mini-two	https://templatemo.com/tm-345-mini-two	https://templatemo.com/download/templatemo_345_mini_two	DOWNLOADED
tm-346-accordion	https://templatemo.com/tm-346-accordion	https://templatemo.com/download/templatemo_346_accordion	DOWNLOADED
tm-347-dark-pro	https://templatemo.com/tm-347-dark-pro	https://templatemo.com/download/templatemo_347_dark_pro	DOWNLOADED
tm-348-fresh-zone	https://templatemo.com/tm-348-fresh-zone	https://templatemo.com/download/templatemo_348_fresh_zone	DOWNLOADED
tm-349-techno	https://templatemo.com/tm-349-techno	https://templatemo.com/download/templatemo_349_techno	DOWNLOADED
tm-350-soft-link	https://templatemo.com/tm-350-soft-link	https://templatemo.com/download/templatemo_350_soft_link	DOWNLOADED
tm-351-aquatic	https://templatemo.com/tm-351-aquatic	https://templatemo.com/download/templatemo_351_aquatic	DOWNLOADED
tm-352-station-shop	https://templatemo.com/tm-352-station-shop	https://templatemo.com/download/templatemo_352_station_shop	DOWNLOADED
tm-353-beauty-class	https://templatemo.com/tm-353-beauty-class	https://templatemo.com/download/templatemo_353_beauty_class	DOWNLOADED
tm-354-simple-grid	https://templatemo.com/tm-354-simple-grid	https://templatemo.com/download/templatemo_354_simple_grid	DOWNLOADED
tm-355-work-center	https://templatemo.com/tm-355-work-center	https://templatemo.com/download/templatemo_355_work_center	DOWNLOADED
tm-356-morning	https://templatemo.com/tm-356-morning	https://templatemo.com/download/templatemo_356_morning	DOWNLOADED
tm-357-slate	https://templatemo.com/tm-357-slate	https://templatemo.com/download/templatemo_357_slate	DOWNLOADED
tm-358-carousel	https://templatemo.com/tm-358-carousel	https://templatemo.com/download/templatemo_358_carousel	DOWNLOADED
tm-359-singular	https://templatemo.com/tm-359-singular	https://templatemo.com/download/templatemo_359_singular	DOWNLOADED
tm-360-bookstore	https://templatemo.com/tm-360-bookstore	https://templatemo.com/download/templatemo_360_bookstore	DOWNLOADED
tm-361-design-work	https://templatemo.com/tm-361-design-work	https://templatemo.com/download/templatemo_361_design_work	DOWNLOADED
tm-362-gift-red	https://templatemo.com/tm-362-gift-red	https://templatemo.com/download/templatemo_362_gift_red	DOWNLOADED
tm-363-metro	https://templatemo.com/tm-363-metro	https://templatemo.com/download/templatemo_363_metro	DOWNLOADED
tm-364-aqua	https://templatemo.com/tm-364-aqua	https://templatemo.com/download/templatemo_364_aqua	DOWNLOADED
tm-365-orando	https://templatemo.com/tm-365-orando	https://templatemo.com/download/templatemo_365_orando	DOWNLOADED
tm-366-agency	https://templatemo.com/tm-366-agency	https://templatemo.com/download/templatemo_366_agency	DOWNLOADED
tm-367-shoes	https://templatemo.com/tm-367-shoes	https://templatemo.com/download/templatemo_367_shoes	DOWNLOADED
tm-368-connect	https://templatemo.com/tm-368-connect	https://templatemo.com/download/templatemo_368_connect	DOWNLOADED
tm-369-music-gallery	https://templatemo.com/tm-369-music-gallery	https://templatemo.com/download/templatemo_369_music_gallery	DOWNLOADED
tm-370-focus	https://templatemo.com/tm-370-focus	https://templatemo.com/download/templatemo_370_focus	DOWNLOADED
tm-371-gallery	https://templatemo.com/tm-371-gallery	https://templatemo.com/download/templatemo_371_gallery	DOWNLOADED
tm-372-titanium	https://templatemo.com/tm-372-titanium	https://templatemo.com/download/templatemo_372_titanium	DOWNLOADED
tm-373-nightlight	https://templatemo.com/tm-373-nightlight	https://templatemo.com/download/templatemo_373_nightlight	DOWNLOADED
tm-374-responsive	https://templatemo.com/tm-374-responsive	https://templatemo.com/download/templatemo_374_responsive	DOWNLOADED
tm-375-tech-layer	https://templatemo.com/tm-375-tech-layer	https://templatemo.com/download/templatemo_375_tech_layer	DOWNLOADED
tm-376-secured	https://templatemo.com/tm-376-secured	https://templatemo.com/download/templatemo_376_secured	DOWNLOADED
tm-377-blue-tech	https://templatemo.com/tm-377-blue-tech	https://templatemo.com/download/templatemo_377_blue_tech	DOWNLOADED
tm-378-dragonfly	https://templatemo.com/tm-378-dragonfly	https://templatemo.com/download/templatemo_378_dragonfly	DOWNLOADED
tm-379-catalog	https://templatemo.com/tm-379-catalog	https://templatemo.com/download/templatemo_379_catalog	DOWNLOADED
tm-380-eco-tree	https://templatemo.com/tm-380-eco-tree	https://templatemo.com/download/templatemo_380_eco_tree	DOWNLOADED
tm-381-blactro	https://templatemo.com/tm-381-blactro	https://templatemo.com/download/templatemo_381_blactro	DOWNLOADED
tm-382-simplex	https://templatemo.com/tm-382-simplex	https://templatemo.com/download/templatemo_382_simplex	DOWNLOADED
tm-383-smoke-house	https://templatemo.com/tm-383-smoke-house	https://templatemo.com/download/templatemo_383_smoke_house	DOWNLOADED
tm-384-trendy	https://templatemo.com/tm-384-trendy	https://templatemo.com/download/templatemo_384_trendy	DOWNLOADED
tm-385-floral-shop	https://templatemo.com/tm-385-floral-shop	https://templatemo.com/download/templatemo_385_floral_shop	DOWNLOADED
tm-386-spectrum	https://templatemo.com/tm-386-spectrum	https://templatemo.com/download/templatemo_386_spectrum	DOWNLOADED
tm-387-channel	https://templatemo.com/tm-387-channel	https://templatemo.com/download/templatemo_387_channel	DOWNLOADED
tm-388-runner	https://templatemo.com/tm-388-runner	https://templatemo.com/download/templatemo_388_runner	DOWNLOADED
tm-389-universe	https://templatemo.com/tm-389-universe	https://templatemo.com/download/templatemo_389_universe	DOWNLOADED
tm-390-powerful	https://templatemo.com/tm-390-powerful	https://templatemo.com/download/templatemo_390_powerful	DOWNLOADED
tm-391-botany	https://templatemo.com/tm-391-botany	https://templatemo.com/download/templatemo_391_botany	DOWNLOADED
tm-392-avocado	https://templatemo.com/tm-392-avocado	https://templatemo.com/download/templatemo_392_avocado	DOWNLOADED
tm-393-fantasy	https://templatemo.com/tm-393-fantasy	https://templatemo.com/download/templatemo_393_fantasy	DOWNLOADED
tm-394-sonic	https://templatemo.com/tm-394-sonic	https://templatemo.com/download/templatemo_394_sonic	DOWNLOADED
tm-395-urbanic	https://templatemo.com/tm-395-urbanic	https://templatemo.com/download/templatemo_395_urbanic	DOWNLOADED
tm-396-smoothy	https://templatemo.com/tm-396-smoothy	https://templatemo.com/download/templatemo_396_smoothy	DOWNLOADED
tm-397-concept	https://templatemo.com/tm-397-concept	https://templatemo.com/download/templatemo_397_concept	DOWNLOADED
tm-398-nature	https://templatemo.com/tm-398-nature	https://templatemo.com/download/templatemo_398_nature	DOWNLOADED
tm-399-tamarillo	https://templatemo.com/tm-399-tamarillo	https://templatemo.com/download/templatemo_399_tamarillo	DOWNLOADED
tm-400-polygon	https://templatemo.com/tm-400-polygon	https://templatemo.com/download/templatemo_400_polygon	DOWNLOADED
tm-401-sprint	https://templatemo.com/tm-401-sprint	https://templatemo.com/download/templatemo_401_sprint	DOWNLOADED
tm-402-genius	https://templatemo.com/tm-402-genius	https://templatemo.com/download/templatemo_402_genius	DOWNLOADED
tm-403-karma	https://templatemo.com/tm-403-karma	https://templatemo.com/download/templatemo_403_karma	DOWNLOADED
tm-404-reactive	https://templatemo.com/tm-404-reactive	https://templatemo.com/download/templatemo_404_reactive	DOWNLOADED
tm-405-matrix	https://templatemo.com/tm-405-matrix	https://templatemo.com/download/templatemo_405_matrix	DOWNLOADED
tm-406-flex	https://templatemo.com/tm-406-flex	https://templatemo.com/download/templatemo_406_flex	DOWNLOADED
tm-407-solidity	https://templatemo.com/tm-407-solidity	https://templatemo.com/download/templatemo_407_solidity	DOWNLOADED
tm-408-polystar	https://templatemo.com/tm-408-polystar	https://templatemo.com/download/templatemo_408_polystar	DOWNLOADED
tm-409-travel	https://templatemo.com/tm-409-travel	https://templatemo.com/download/templatemo_409_travel	DOWNLOADED
tm-410-circle	https://templatemo.com/tm-410-circle	https://templatemo.com/download/templatemo_410_circle	DOWNLOADED
tm-411-dragonfruit	https://templatemo.com/tm-411-dragonfruit	https://templatemo.com/download/templatemo_411_dragonfruit	DOWNLOADED
tm-412-authentic	https://templatemo.com/tm-412-authentic	https://templatemo.com/download/templatemo_412_authentic	DOWNLOADED
tm-413-flip-turn	https://templatemo.com/tm-413-flip-turn	https://templatemo.com/download/templatemo_413_flip_turn	DOWNLOADED
tm-414-zoom	https://templatemo.com/tm-414-zoom	https://templatemo.com/download/templatemo_414_zoom	DOWNLOADED
tm-415-dashboard	https://templatemo.com/tm-415-dashboard	https://templatemo.com/download/templatemo_415_dashboard	DOWNLOADED
tm-416-xenon	https://templatemo.com/tm-416-xenon	https://templatemo.com/download/templatemo_416_xenon	DOWNLOADED
tm-417-grill	https://templatemo.com/tm-417-grill	https://templatemo.com/download/templatemo_417_grill	DOWNLOADED
tm-418-form-pack	https://templatemo.com/tm-418-form-pack	https://templatemo.com/download/templatemo_418_form_pack	DOWNLOADED
tm-419-black-white	https://templatemo.com/tm-419-black-white	https://templatemo.com/download/templatemo_419_black_white	DOWNLOADED
tm-420-ocean	https://templatemo.com/tm-420-ocean	https://templatemo.com/download/templatemo_420_ocean	DOWNLOADED
tm-421-raleway	https://templatemo.com/tm-421-raleway	https://templatemo.com/download/templatemo_421_raleway	DOWNLOADED
tm-422-freshness	https://templatemo.com/tm-422-freshness	https://templatemo.com/download/templatemo_422_freshness	DOWNLOADED
tm-423-artcore	https://templatemo.com/tm-423-artcore	https://templatemo.com/download/templatemo_423_artcore	DOWNLOADED
tm-424-roller	https://templatemo.com/tm-424-roller	https://templatemo.com/download/templatemo_424_roller	DOWNLOADED
tm-425-rainbow	https://templatemo.com/tm-425-rainbow	https://templatemo.com/download/templatemo_425_rainbow	DOWNLOADED
tm-426-conquer	https://templatemo.com/tm-426-conquer	https://templatemo.com/download/templatemo_426_conquer	DOWNLOADED
tm-427-timeline	https://templatemo.com/tm-427-timeline	https://templatemo.com/download/templatemo_427_timeline	DOWNLOADED
tm-428-kool-store	https://templatemo.com/tm-428-kool-store	https://templatemo.com/download/templatemo_428_kool_store	DOWNLOADED
tm-429-pro-audio	https://templatemo.com/tm-429-pro-audio	https://templatemo.com/download/templatemo_429_pro_audio	DOWNLOADED
tm-430-robotic	https://templatemo.com/tm-430-robotic	https://templatemo.com/download/templatemo_430_robotic	DOWNLOADED
tm-431-ion	https://templatemo.com/tm-431-ion	https://templatemo.com/download/templatemo_431_ion	DOWNLOADED
tm-432-impressum	https://templatemo.com/tm-432-impressum	https://templatemo.com/download/templatemo_432_impressum	DOWNLOADED
tm-433-gloss	https://templatemo.com/tm-433-gloss	https://templatemo.com/download/templatemo_433_gloss	DOWNLOADED
tm-434-masonry	https://templatemo.com/tm-434-masonry	https://templatemo.com/download/templatemo_434_masonry	DOWNLOADED
tm-435-curvy-soon	https://templatemo.com/tm-435-curvy-soon	https://templatemo.com/download/templatemo_435_curvy_soon	DOWNLOADED
tm-436-alpines	https://templatemo.com/tm-436-alpines	https://templatemo.com/download/templatemo_436_alpines	DOWNLOADED
tm-437-crystal	https://templatemo.com/tm-437-crystal	https://templatemo.com/download/templatemo_437_crystal	DOWNLOADED
tm-438-layer	https://templatemo.com/tm-438-layer	https://templatemo.com/download/templatemo_438_layer	DOWNLOADED
tm-439-rectangle	https://templatemo.com/tm-439-rectangle	https://templatemo.com/download/templatemo_439_rectangle	DOWNLOADED
tm-440-brownie	https://templatemo.com/tm-440-brownie	https://templatemo.com/download/templatemo_440_brownie	DOWNLOADED
tm-441-volton	https://templatemo.com/tm-441-volton	https://templatemo.com/download/templatemo_441_volton	DOWNLOADED
tm-442-grand	https://templatemo.com/tm-442-grand	https://templatemo.com/download/templatemo_442_grand	DOWNLOADED
tm-443-stream	https://templatemo.com/tm-443-stream	https://templatemo.com/download/templatemo_443_stream	DOWNLOADED
tm-444-composite	https://templatemo.com/tm-444-composite	https://templatemo.com/download/templatemo_444_composite	DOWNLOADED
tm-445-shaped	https://templatemo.com/tm-445-shaped	https://templatemo.com/download/templatemo_445_shaped	DOWNLOADED
tm-446-boxer	https://templatemo.com/tm-446-boxer	https://templatemo.com/download/templatemo_446_boxer	DOWNLOADED
tm-447-coming	https://templatemo.com/tm-447-coming	https://templatemo.com/download/templatemo_447_coming	DOWNLOADED
tm-448-division	https://templatemo.com/tm-448-division	https://templatemo.com/download/templatemo_448_division	DOWNLOADED
tm-449-green	https://templatemo.com/tm-449-green	https://templatemo.com/download/templatemo_449_green	DOWNLOADED
tm-450-awesome	https://templatemo.com/tm-450-awesome	https://templatemo.com/download/templatemo_450_awesome	DOWNLOADED
tm-451-modest	https://templatemo.com/tm-451-modest	https://templatemo.com/download/templatemo_451_modest	DOWNLOADED
tm-452-stone	https://templatemo.com/tm-452-stone	https://templatemo.com/download/templatemo_452_stone	DOWNLOADED
tm-453-outline	https://templatemo.com/tm-453-outline	https://templatemo.com/download/templatemo_453_outline	DOWNLOADED
tm-454-compass	https://templatemo.com/tm-454-compass	https://templatemo.com/download/templatemo_454_compass	DOWNLOADED
tm-455-visual-admin	https://templatemo.com/tm-455-visual-admin	https://templatemo.com/download/templatemo_455_visual_admin	DOWNLOADED
tm-456-luxury-gold	https://templatemo.com/tm-456-luxury-gold	https://templatemo.com/download/templatemo_456_luxury_gold	DOWNLOADED
tm-457-multi-profile	https://templatemo.com/tm-457-multi-profile	https://templatemo.com/download/templatemo_457_multi_profile	DOWNLOADED
tm-458-lavish	https://templatemo.com/tm-458-lavish	https://templatemo.com/download/templatemo_458_lavish	DOWNLOADED
tm-459-pizza	https://templatemo.com/tm-459-pizza	https://templatemo.com/download/templatemo_459_pizza	DOWNLOADED
tm-460-medigo	https://templatemo.com/tm-460-medigo	https://templatemo.com/download/templatemo_460_medigo	DOWNLOADED
tm-461-workforce	https://templatemo.com/tm-461-workforce	https://templatemo.com/download/templatemo_461_workforce	DOWNLOADED
tm-462-coming-soon	https://templatemo.com/tm-462-coming-soon	https://templatemo.com/download/templatemo_462_coming_soon	DOWNLOADED
tm-463-motor	https://templatemo.com/tm-463-motor	https://templatemo.com/download/templatemo_463_motor	DOWNLOADED
tm-464-ultra-profile	https://templatemo.com/tm-464-ultra-profile	https://templatemo.com/download/templatemo_464_ultra_profile	DOWNLOADED
tm-465-alpha	https://templatemo.com/tm-465-alpha	https://templatemo.com/download/templatemo_465_alpha	DOWNLOADED
tm-466-cafe-house	https://templatemo.com/tm-466-cafe-house	https://templatemo.com/download/templatemo_466_cafe_house	DOWNLOADED
tm-467-easy-profile	https://templatemo.com/tm-467-easy-profile	https://templatemo.com/download/templatemo_467_easy_profile	DOWNLOADED
tm-468-onetel	https://templatemo.com/tm-468-onetel	https://templatemo.com/download/templatemo_468_onetel	DOWNLOADED
tm-469-impulse	https://templatemo.com/tm-469-impulse	https://templatemo.com/download/templatemo_469_impulse	DOWNLOADED
tm-470-metro-city	https://templatemo.com/tm-470-metro-city	https://templatemo.com/download/templatemo_470_metro_city	DOWNLOADED
tm-471-zigzag	https://templatemo.com/tm-471-zigzag	https://templatemo.com/download/templatemo_471_zigzag	DOWNLOADED
tm-472-blaster	https://templatemo.com/tm-472-blaster	https://templatemo.com/download/templatemo_472_blaster	DOWNLOADED
tm-473-november	https://templatemo.com/tm-473-november	https://templatemo.com/download/templatemo_473_november	DOWNLOADED
tm-474-app-landing	https://templatemo.com/tm-474-app-landing	https://templatemo.com/download/templatemo_474_app_landing	DOWNLOADED
tm-475-holiday	https://templatemo.com/tm-475-holiday	https://templatemo.com/download/templatemo_475_holiday	DOWNLOADED
tm-476-conquer	https://templatemo.com/tm-476-conquer	https://templatemo.com/download/templatemo_476_conquer	DOWNLOADED
tm-477-puzzle	https://templatemo.com/tm-477-puzzle	https://templatemo.com/download/templatemo_477_puzzle	DOWNLOADED
tm-478-accord	https://templatemo.com/tm-478-accord	https://templatemo.com/download/templatemo_478_accord	DOWNLOADED
tm-479-sigma	https://templatemo.com/tm-479-sigma	https://templatemo.com/download/templatemo_479_sigma	DOWNLOADED
tm-480-story	https://templatemo.com/tm-480-story	https://templatemo.com/download/templatemo_480_story	DOWNLOADED
tm-481-elevate	https://templatemo.com/tm-481-elevate	https://templatemo.com/download/templatemo_481_elevate	DOWNLOADED
tm-482-strip	https://templatemo.com/tm-482-strip	https://templatemo.com/download/templatemo_482_strip	DOWNLOADED
tm-483-lumino	https://templatemo.com/tm-483-lumino	https://templatemo.com/download/templatemo_483_lumino	DOWNLOADED
tm-484-ocean	https://templatemo.com/tm-484-ocean	https://templatemo.com/download/templatemo_484_ocean	DOWNLOADED
tm-485-rainbow	https://templatemo.com/tm-485-rainbow	https://templatemo.com/download/templatemo_485_rainbow	DOWNLOADED
tm-486-new-event	https://templatemo.com/tm-486-new-event	https://templatemo.com/download/templatemo_486_new_event	DOWNLOADED
tm-487-fitness	https://templatemo.com/tm-487-fitness	https://templatemo.com/download/templatemo_487_fitness	DOWNLOADED
tm-488-classic	https://templatemo.com/tm-488-classic	https://templatemo.com/download/templatemo_488_classic	DOWNLOADED
tm-489-strategy	https://templatemo.com/tm-489-strategy	https://templatemo.com/download/templatemo_489_strategy	DOWNLOADED
tm-490-comila	https://templatemo.com/tm-490-comila	https://templatemo.com/download/templatemo_490_comila	DOWNLOADED
tm-491-flat	https://templatemo.com/tm-491-flat	https://templatemo.com/download/templatemo_491_flat	DOWNLOADED
tm-492-app-starter	https://templatemo.com/tm-492-app-starter	https://templatemo.com/download/templatemo_492_app_starter	DOWNLOADED
tm-493-snapshot	https://templatemo.com/tm-493-snapshot	https://templatemo.com/download/templatemo_493_snapshot	DOWNLOADED
tm-494-motion	https://templatemo.com/tm-494-motion	https://templatemo.com/download/templatemo_494_motion	DOWNLOADED
tm-495-metro-fit	https://templatemo.com/tm-495-metro-fit	https://templatemo.com/download/templatemo_495_metro_fit	DOWNLOADED
tm-496-pipeline	https://templatemo.com/tm-496-pipeline	https://templatemo.com/download/templatemo_496_pipeline	DOWNLOADED
tm-497-upper	https://templatemo.com/tm-497-upper	https://templatemo.com/download/templatemo_497_upper	DOWNLOADED
tm-498-stimulus	https://templatemo.com/tm-498-stimulus	https://templatemo.com/download/templatemo_498_stimulus	DOWNLOADED
tm-499-catalyst	https://templatemo.com/tm-499-catalyst	https://templatemo.com/download/templatemo_499_catalyst	DOWNLOADED
tm-500-fluid-gallery	https://templatemo.com/tm-500-fluid-gallery	https://templatemo.com/download/templatemo_500_fluid_gallery	DOWNLOADED
tm-501-neaty	https://templatemo.com/tm-501-neaty	https://templatemo.com/download/templatemo_501_neaty	DOWNLOADED
tm-502-short	https://templatemo.com/tm-502-short	https://templatemo.com/download/templatemo_502_short	DOWNLOADED
tm-503-newline	https://templatemo.com/tm-503-newline	https://templatemo.com/download/templatemo_503_newline	DOWNLOADED
tm-504-page-one	https://templatemo.com/tm-504-page-one	https://templatemo.com/download/templatemo_504_page_one	DOWNLOADED
tm-505-stacked	https://templatemo.com/tm-505-stacked	https://templatemo.com/download/templatemo_505_stacked	DOWNLOADED
tm-506-tinker	https://templatemo.com/tm-506-tinker	https://templatemo.com/download/templatemo_506_tinker	DOWNLOADED
tm-507-victory	https://templatemo.com/tm-507-victory	https://templatemo.com/download/templatemo_507_victory	DOWNLOADED
tm-508-power	https://templatemo.com/tm-508-power	https://templatemo.com/download/templatemo_508_power	DOWNLOADED
tm-509-hydro	https://templatemo.com/tm-509-hydro	https://templatemo.com/download/templatemo_509_hydro	DOWNLOADED
tm-510-letter	https://templatemo.com/tm-510-letter	https://templatemo.com/download/templatemo_510_letter	DOWNLOADED
tm-511-journey	https://templatemo.com/tm-511-journey	https://templatemo.com/download/templatemo_511_journey	DOWNLOADED
tm-512-moonlight	https://templatemo.com/tm-512-moonlight	https://templatemo.com/download/templatemo_512_moonlight	DOWNLOADED
tm-513-avalon	https://templatemo.com/tm-513-avalon	https://templatemo.com/download/templatemo_513_avalon	DOWNLOADED
tm-514-magazee	https://templatemo.com/tm-514-magazee	https://templatemo.com/download/templatemo_514_magazee	DOWNLOADED
tm-515-eatery	https://templatemo.com/tm-515-eatery	https://templatemo.com/download/templatemo_515_eatery	DOWNLOADED
tm-516-known	https://templatemo.com/tm-516-known	https://templatemo.com/download/templatemo_516_known	DOWNLOADED
tm-517-timeless	https://templatemo.com/tm-517-timeless	https://templatemo.com/download/templatemo_517_timeless	DOWNLOADED
tm-518-sentra	https://templatemo.com/tm-518-sentra	https://templatemo.com/download/templatemo_518_sentra	DOWNLOADED
tm-519-beauty	https://templatemo.com/tm-519-beauty	https://templatemo.com/download/templatemo_519_beauty	DOWNLOADED
tm-520-highway	https://templatemo.com/tm-520-highway	https://templatemo.com/download/templatemo_520_highway	DOWNLOADED
tm-521-get-ready	https://templatemo.com/tm-521-get-ready	https://templatemo.com/download/templatemo_521_get_ready	DOWNLOADED
tm-522-venue	https://templatemo.com/tm-522-venue	https://templatemo.com/download/templatemo_522_venue	DOWNLOADED
tm-523-image-survey	https://templatemo.com/tm-523-image-survey	https://templatemo.com/download/templatemo_523_image_survey	DOWNLOADED
tm-524-product-admin	https://templatemo.com/tm-524-product-admin	https://templatemo.com/download/templatemo_524_product_admin	DOWNLOADED
tm-525-the-town	https://templatemo.com/tm-525-the-town	https://templatemo.com/download/templatemo_525_the_town	DOWNLOADED
tm-526-vanilla	https://templatemo.com/tm-526-vanilla	https://templatemo.com/download/templatemo_526_vanilla	DOWNLOADED
tm-527-sided	https://templatemo.com/tm-527-sided	https://templatemo.com/download/templatemo_527_sided	DOWNLOADED
tm-528-elegance	https://templatemo.com/tm-528-elegance	https://templatemo.com/download/templatemo_528_elegance	DOWNLOADED
tm-529-ramayana	https://templatemo.com/tm-529-ramayana	https://templatemo.com/download/templatemo_529_ramayana	DOWNLOADED
tm-530-mini-profile	https://templatemo.com/tm-530-mini-profile	https://templatemo.com/download/templatemo_530_mini_profile	DOWNLOADED
tm-531-reflux	https://templatemo.com/tm-531-reflux	https://templatemo.com/download/templatemo_531_reflux	DOWNLOADED
tm-532-next-level	https://templatemo.com/tm-532-next-level	https://templatemo.com/download/templatemo_532_next_level	DOWNLOADED
tm-533-verticard	https://templatemo.com/tm-533-verticard	https://templatemo.com/download/templatemo_533_verticard	DOWNLOADED
tm-534-parallo	https://templatemo.com/tm-534-parallo	https://templatemo.com/download/templatemo_534_parallo	DOWNLOADED
tm-535-softy-pinko	https://templatemo.com/tm-535-softy-pinko	https://templatemo.com/download/templatemo_535_softy_pinko	DOWNLOADED
tm-536-dream-pulse	https://templatemo.com/tm-536-dream-pulse	https://templatemo.com/download/templatemo_536_dream_pulse	DOWNLOADED
tm-537-art-factory	https://templatemo.com/tm-537-art-factory	https://templatemo.com/download/templatemo_537_art_factory	DOWNLOADED
tm-538-digital-trend	https://templatemo.com/tm-538-digital-trend	https://templatemo.com/download/templatemo_538_digital_trend	DOWNLOADED
tm-539-simple-house	https://templatemo.com/tm-539-simple-house	https://templatemo.com/download/templatemo_539_simple_house	DOWNLOADED
tm-540-lava-landing-page	https://templatemo.com/tm-540-lava-landing-page	https://templatemo.com/download/templatemo_540_lava_landing_page	DOWNLOADED
tm-541-host-cloud	https://templatemo.com/tm-541-host-cloud	https://templatemo.com/download/templatemo_541_host_cloud	DOWNLOADED
tm-542-new-vision	https://templatemo.com/tm-542-new-vision	https://templatemo.com/download/templatemo_542_new_vision	DOWNLOADED
tm-543-breezed	https://templatemo.com/tm-543-breezed	https://templatemo.com/download/templatemo_543_breezed	DOWNLOADED
tm-544-comparto	https://templatemo.com/tm-544-comparto	https://templatemo.com/download/templatemo_544_comparto	DOWNLOADED
tm-545-finance-business	https://templatemo.com/tm-545-finance-business	https://templatemo.com/download/templatemo_545_finance_business	DOWNLOADED
tm-546-sixteen-clothing	https://templatemo.com/tm-546-sixteen-clothing	https://templatemo.com/download/templatemo_546_sixteen_clothing	DOWNLOADED
tm-547-real-dynamic	https://templatemo.com/tm-547-real-dynamic	https://templatemo.com/download/templatemo_547_real_dynamic	DOWNLOADED
tm-548-training-studio	https://templatemo.com/tm-548-training-studio	https://templatemo.com/download/templatemo_548_training_studio	DOWNLOADED
tm-549-business-oriented	https://templatemo.com/tm-549-business-oriented	https://templatemo.com/download/templatemo_549_business_oriented	DOWNLOADED
tm-550-diagoona	https://templatemo.com/tm-550-diagoona	https://templatemo.com/download/templatemo_550_diagoona	DOWNLOADED
tm-551-stand-blog	https://templatemo.com/tm-551-stand-blog	https://templatemo.com/download/templatemo_551_stand_blog	DOWNLOADED
tm-552-video-catalog	https://templatemo.com/tm-552-video-catalog	https://templatemo.com/download/templatemo_552_video_catalog	DOWNLOADED
tm-553-xtra-blog	https://templatemo.com/tm-553-xtra-blog	https://templatemo.com/download/templatemo_553_xtra_blog	DOWNLOADED
tm-554-ocean-vibes	https://templatemo.com/tm-554-ocean-vibes	https://templatemo.com/download/templatemo_554_ocean_vibes	DOWNLOADED
tm-555-upright	https://templatemo.com/tm-555-upright	https://templatemo.com/download/templatemo_555_upright	DOWNLOADED
tm-556-catalog-z	https://templatemo.com/tm-556-catalog-z	https://templatemo.com/download/templatemo_556_catalog_z	DOWNLOADED
tm-557-grad-school	https://templatemo.com/tm-557-grad-school	https://templatemo.com/download/templatemo_557_grad_school	DOWNLOADED
tm-558-klassy-cafe	https://templatemo.com/tm-558-klassy-cafe	https://templatemo.com/download/templatemo_558_klassy_cafe	DOWNLOADED
tm-559-zay-shop	https://templatemo.com/tm-559-zay-shop	https://templatemo.com/download/templatemo_559_zay_shop	DOWNLOADED
tm-560-astro-motion	https://templatemo.com/tm-560-astro-motion	https://templatemo.com/download/templatemo_560_astro_motion	DOWNLOADED
tm-561-purple-buzz	https://templatemo.com/tm-561-purple-buzz	https://templatemo.com/download/templatemo_561_purple_buzz	DOWNLOADED
tm-562-space-dynamic	https://templatemo.com/tm-562-space-dynamic	https://templatemo.com/download/templatemo_562_space_dynamic	DOWNLOADED
tm-563-seo-dream	https://templatemo.com/tm-563-seo-dream	https://templatemo.com/download/templatemo_563_seo_dream	DOWNLOADED
tm-564-plot-listing	https://templatemo.com/tm-564-plot-listing	https://templatemo.com/download/templatemo_564_plot_listing	DOWNLOADED
tm-565-onix-digital	https://templatemo.com/tm-565-onix-digital	https://templatemo.com/download/templatemo_565_onix_digital	DOWNLOADED
tm-566-medic-care	https://templatemo.com/tm-566-medic-care	https://templatemo.com/download/templatemo_566_medic_care	DOWNLOADED
tm-567-nomad-force	https://templatemo.com/tm-567-nomad-force	https://templatemo.com/download/templatemo_567_nomad_force	DOWNLOADED
tm-568-digimedia	https://templatemo.com/tm-568-digimedia	https://templatemo.com/download/templatemo_568_digimedia	DOWNLOADED
tm-569-edu-meeting	https://templatemo.com/tm-569-edu-meeting	https://templatemo.com/download/templatemo_569_edu_meeting	DOWNLOADED
tm-570-chain-app-dev	https://templatemo.com/tm-570-chain-app-dev	https://templatemo.com/download/templatemo_570_chain_app_dev	DOWNLOADED
tm-571-hexashop	https://templatemo.com/tm-571-hexashop	https://templatemo.com/download/templatemo_571_hexashop	DOWNLOADED
tm-572-designer	https://templatemo.com/tm-572-designer	https://templatemo.com/download/templatemo_572_designer	DOWNLOADED
tm-573-eduwell	https://templatemo.com/tm-573-eduwell	https://templatemo.com/download/templatemo_573_eduwell	DOWNLOADED
tm-574-mexant	https://templatemo.com/tm-574-mexant	https://templatemo.com/download/templatemo_574_mexant	DOWNLOADED
tm-575-leadership-event	https://templatemo.com/tm-575-leadership-event	https://templatemo.com/download/templatemo_575_leadership_event	DOWNLOADED
tm-576-snapx-photography	https://templatemo.com/tm-576-snapx-photography	https://templatemo.com/download/templatemo_576_snapx_photography	DOWNLOADED
tm-577-liberty-market	https://templatemo.com/tm-577-liberty-market	https://templatemo.com/download/templatemo_577_liberty_market	DOWNLOADED
tm-578-first-portfolio	https://templatemo.com/tm-578-first-portfolio	https://templatemo.com/download/templatemo_578_first_portfolio	DOWNLOADED
tm-579-cyborg-gaming	https://templatemo.com/tm-579-cyborg-gaming	https://templatemo.com/download/templatemo_579_cyborg_gaming	DOWNLOADED
tm-580-woox-travel	https://templatemo.com/tm-580-woox-travel	https://templatemo.com/download/templatemo_580_woox_travel	DOWNLOADED
tm-581-kind-heart-charity	https://templatemo.com/tm-581-kind-heart-charity	https://templatemo.com/download/templatemo_581_kind_heart_charity	DOWNLOADED
tm-582-tale-seo-agency	https://templatemo.com/tm-582-tale-seo-agency	https://templatemo.com/download/templatemo_582_tale_seo_agency	DOWNLOADED
tm-583-festava-live	https://templatemo.com/tm-583-festava-live	https://templatemo.com/download/templatemo_583_festava_live	DOWNLOADED
tm-584-pod-talk	https://templatemo.com/tm-584-pod-talk	https://templatemo.com/download/templatemo_584_pod_talk	DOWNLOADED
tm-585-barber-shop	https://templatemo.com/tm-585-barber-shop	https://templatemo.com/download/templatemo_585_barber_shop	DOWNLOADED
tm-586-scholar	https://templatemo.com/tm-586-scholar	https://templatemo.com/download/templatemo_586_scholar	DOWNLOADED
tm-587-tiya-golf-club	https://templatemo.com/tm-587-tiya-golf-club	https://templatemo.com/download/templatemo_587_tiya_golf_club	DOWNLOADED
tm-588-ebook-landing	https://templatemo.com/tm-588-ebook-landing	https://templatemo.com/download/templatemo_588_ebook_landing	DOWNLOADED
tm-589-lugx-gaming	https://templatemo.com/tm-589-lugx-gaming	https://templatemo.com/download/templatemo_589_lugx_gaming	DOWNLOADED
tm-590-topic-listing	https://templatemo.com/tm-590-topic-listing	https://templatemo.com/download/templatemo_590_topic_listing	DOWNLOADED
tm-591-villa-agency	https://templatemo.com/tm-591-villa-agency	https://templatemo.com/download/templatemo_591_villa_agency	DOWNLOADED
tm-592-glossy-touch	https://templatemo.com/tm-592-glossy-touch	https://templatemo.com/download/templatemo_592_glossy_touch	DOWNLOADED
tm-593-personal-shape	https://templatemo.com/tm-593-personal-shape	https://templatemo.com/download/templatemo_593_personal_shape	DOWNLOADED
tm-594-nexus-flow	https://templatemo.com/tm-594-nexus-flow	https://templatemo.com/download/templatemo_594_nexus_flow	DOWNLOADED
tm-595-3d-coverflow	https://templatemo.com/tm-595-3d-coverflow	https://templatemo.com/download/templatemo_595_3d_coverflow	DOWNLOADED
tm-596-electric-xtra	https://templatemo.com/tm-596-electric-xtra	https://templatemo.com/download/templatemo_596_electric_xtra	DOWNLOADED
tm-597-neural-glass	https://templatemo.com/tm-597-neural-glass	https://templatemo.com/download/templatemo_597_neural_glass	DOWNLOADED
tm-598-sleeky-pro	https://templatemo.com/tm-598-sleeky-pro	https://templatemo.com/download/templatemo_598_sleeky_pro	DOWNLOADED
tm-599-noir-fashion	https://templatemo.com/tm-599-noir-fashion	https://templatemo.com/download/templatemo_599_noir_fashion	DOWNLOADED
tm-600-prism-flux	https://templatemo.com/tm-600-prism-flux	https://templatemo.com/download/templatemo_600_prism_flux	DOWNLOADED
tm-601-chain-summit	https://templatemo.com/tm-601-chain-summit	https://templatemo.com/download/templatemo_601_chain_summit	DOWNLOADED
tm-602-graph-page	https://templatemo.com/tm-602-graph-page	https://templatemo.com/download/templatemo_602_graph_page	DOWNLOADED
tm-603-nexaverse	https://templatemo.com/tm-603-nexaverse	https://templatemo.com/download/templatemo_603_nexaverse	DOWNLOADED
tm-604-christmas-piano	https://templatemo.com/tm-604-christmas-piano	https://templatemo.com/download/templatemo_604_christmas_piano	DOWNLOADED
tm-605-xmas-countdown	https://templatemo.com/tm-605-xmas-countdown	https://templatemo.com/download/templatemo_605_xmas_countdown	DOWNLOADED
tm-606-string-master	https://templatemo.com/tm-606-string-master	https://templatemo.com/download/templatemo_606_string_master	DOWNLOADED
tm-607-glass-admin	https://templatemo.com/tm-607-glass-admin	https://templatemo.com/download/templatemo_607_glass_admin	DOWNLOADED
tm-608-daynight-admin	https://templatemo.com/tm-608-daynight-admin	https://templatemo.com/download/templatemo_608_daynight_admin	DOWNLOADED
tm-609-crypto-vault	https://templatemo.com/tm-609-crypto-vault	https://templatemo.com/download/templatemo_609_crypto_vault	DOWNLOADED
tm-610-aurum-gold	https://templatemo.com/tm-610-aurum-gold	https://templatemo.com/download/templatemo_610_aurum_gold	DOWNLOADED
tm-611-maison-doree	https://templatemo.com/tm-611-maison-doree	https://templatemo.com/download/templatemo_611_maison_doree	DOWNLOADED
tm-612-parallax-starter	https://templatemo.com/tm-612-parallax-starter	https://templatemo.com/download/templatemo_612_parallax_starter	DOWNLOADED
tm-613-frost-bakery	https://templatemo.com/tm-613-frost-bakery	https://templatemo.com/download/templatemo_613_frost_bakery	DOWNLOADED
tm-614-quantix-saas	https://templatemo.com/tm-614-quantix-saas	https://templatemo.com/download/templatemo_614_quantix_saas	DOWNLOADED
tm-615-amber-folio	https://templatemo.com/tm-615-amber-folio	https://templatemo.com/download/templatemo_615_amber_folio	DOWNLOADED
tm-616-split-index	https://templatemo.com/tm-616-split-index	https://templatemo.com/download/templatemo_616_split_index	DOWNLOADED
